https://www.touropia.com/best-places-to-visit-in-romania/,1771
https://www.touropia.com/best-places-to-stay-in-bucharest/?load=hotels&source=item,843
https://www.touropia.com/best-places-to-visit-in-romania/#comments,1170
https://www.touropia.com/tourist-attractions-in-bucharest/,1229
https://www.touropia.com/privacy-policy/,1152
https://www.touropia.com/largest-islands-in-the-philippines/,1216
https://www.touropia.com/volcanoes-in-indonesia/,1596
https://www.touropia.com/volcanoes-in-mexico/,1547
https://www.touropia.com/provinces-in-costa-rica-map/,1473
https://www.touropia.com/small-towns-in-norway/,1703
https://www.touropia.com/islands-of-nusa-tenggara/,1094
https://www.touropia.com/best-museums-in-the-world/,1346
https://www.touropia.com/where-to-stay-in-venice-best-areas-hotels/,5515
https://www.touropia.com/mexico-all-inclusive-resorts/,1202
https://www.touropia.com/pyramids-in-mexico/,799
https://www.touropia.com/day-trips-from-mexico-city/,2827
https://www.touropia.com/best-places-to-visit-in-jordan/,1425
https://www.touropia.com/best-things-to-do-in-jordan/,1638
https://www.touropia.com/tourist-attractions-in-ecuador/,1280
https://www.touropia.com/best-cities-to-visit-in-ecuador/,1845
https://www.touropia.com/tourist-attractions-in-south-africa/,1708
https://www.touropia.com/day-trips-from-cape-town/,2316
https://www.touropia.com/best-beaches-in-lombok/,1292
https://www.touropia.com/where-to-stay-in-lombok/,3242
https://www.touropia.com/regions-in-norway/,1101
https://www.touropia.com/world-famous-walls/,1588
https://www.touropia.com/best-cities-to-visit-in-peru/,1814
https://www.touropia.com/best-cities-to-visit-in-turkey/,1864
https://www.touropia.com/all-inclusive-resorts-in-aruba/,959
https://www.touropia.com/vacation-spots-in-mexico/,1055
https://www.touropia.com/morocco-luxury-hotels/,1227
https://www.touropia.com/best-museums-in-london/,1494
https://www.touropia.com/teotihuacan-pyramids-ruins/,2466
https://www.touropia.com/things-to-do-in-the-french-riviera/,1337
https://www.touropia.com/tourist-attractions-in-laos/,1019
https://www.touropia.com/where-to-stay-in-cape-town/,3475
https://www.touropia.com/waterfalls-in-peru/,920
https://www.touropia.com/machu-picchu-the-lost-city-of-the-incas/,739
https://www.touropia.com/best-beaches-in-peru/,1609
https://www.touropia.com/best-places-to-visit-in-bulgaria/,1622
https://www.touropia.com/castles-near-prague/,1046
https://www.touropia.com/regions-of-france-map/,2471
https://www.touropia.com/day-trips-from-paris/,1271
https://www.touropia.com/best-beaches-in-malaysia/,1680
https://www.touropia.com/best-places-to-stay-in-cusco/,1060
https://www.touropia.com/national-parks-in-vietnam/,1638
https://www.touropia.com/tourist-attractions-in-monaco/,1217
https://www.touropia.com/ancient-roman-temples/,1360
https://www.touropia.com/how-to-spend-2-weeks-in-france/,1694
https://www.touropia.com/lakes-in-france/,1311
https://www.touropia.com/churches-in-france/,1253
https://www.touropia.com/spookiest-attractions-in-france/,925
https://www.touropia.com/tourist-attractions-in-malaysia/,2120
https://www.touropia.com/best-places-to-visit-in-ukraine/,1777
https://www.touropia.com/attractions-in-belgrade/,1295
https://www.touropia.com/best-malaysian-islands/,1446
https://www.touropia.com/regions-in-malaysia-map/,1378
https://www.touropia.com/tourist-attractions-in-cyprus/,1183
https://www.touropia.com/best-things-to-do-in-bratislava-slovakia/,2053
https://www.touropia.com/national-parks-in-finland/,1657
https://www.touropia.com/best-places-to-visit-in-latvia/,1399
https://www.touropia.com/best-cities-to-visit-in-serbia/,1796
https://www.touropia.com/lakes-in-finland/,1609
https://www.touropia.com/reasons-to-visit-malaysia/,1199
https://www.touropia.com/where-to-stay-in-singapore/,3325
https://www.touropia.com/best-things-to-do-in-vilnius-lithuania/,1762
https://www.touropia.com/attractions-in-melaka/,1269
https://www.touropia.com/national-parks-in-uganda/,1582
https://www.touropia.com/best-places-to-visit-in-albania/,1671
https://www.touropia.com/tourist-attractions-in-finland/,1719
https://www.touropia.com/national-parks-in-china/,1700
https://www.touropia.com/best-cities-to-visit-in-russia/,1790
https://www.touropia.com/underrated-destinations-in-spain/,1253
https://www.touropia.com/best-cities-to-visit-in-chile/,1761
https://www.touropia.com/lakes-in-canada/,1380
https://www.touropia.com/lakes-in-italy/,1315
https://www.touropia.com/national-parks-in-iceland/,1652
https://www.touropia.com/national-parks-in-thailand/,1279
https://www.touropia.com/small-towns-in-china/,1341
https://www.touropia.com/churches-in-spain/,1453
https://www.touropia.com/small-towns-in-chile/,1238
https://www.touropia.com/best-day-trips-in-chile/,1064
https://www.touropia.com/tourist-attractions-in-chile/,1283
https://www.touropia.com/best-things-to-do-in-chile/,1847
https://www.touropia.com/amazing-hotels-in-italy/,1253
https://www.touropia.com/best-places-to-visit-in-umbria-italy/,2765
https://www.touropia.com/day-trips-from-florence/,1252
https://www.touropia.com/how-to-spend-one-week-in-italy/,732
https://www.touropia.com/best-day-tours-in-italy/,3993
https://www.touropia.com/how-to-spend-2-weeks-in-italy/,1474
https://www.touropia.com/underrated-destinations-in-italy/,1226
https://www.touropia.com/best-things-to-do-in-yangshuo-china/,1812
https://www.touropia.com/things-to-do-in-san-pedro-de-atacama/,1608
https://www.touropia.com/destinations-in-southern-italy/,1147
https://www.touropia.com/5-days-in-italy-best-of-italy-tour-from-rome/,1040
https://www.touropia.com/tourist-attractions-in-beijing/,1379
https://www.touropia.com/things-to-do-in-xian-china/,1948
https://www.touropia.com/best-places-to-stay-in-santiago-de-chile/,852
https://www.touropia.com/potala-palace-in-tibet/,903
https://www.touropia.com/best-things-to-do-in-lhasa-tibet/,1510
https://www.touropia.com/where-to-stay-in-hong-kong-best-neighborhoods-hotels/,3343
https://www.touropia.com/tourist-attractions-in-shanghai/,1380
https://www.touropia.com/tourist-attractions-in-hong-kong/,2131
https://www.touropia.com/pyramids-in-egypt/,3556
https://www.touropia.com/small-towns-in-brazil/,1497
https://www.touropia.com/day-trips-from-milan/,3009
https://www.touropia.com/ancient-egyptian-temples/,1298
https://www.touropia.com/regions-in-egypt-map/,1044
https://www.touropia.com/how-to-spend-10-days-in-sicily/,1182
https://www.touropia.com/ancient-ruins-of-the-world/,3218
https://www.touropia.com/cave-dwellings/,1183
https://www.touropia.com/ancient-egyptian-monuments/,1154
https://www.touropia.com/tourist-attractions-in-sao-paulo/,1215
https://www.touropia.com/best-boutique-hotels-in-florence/,868
https://www.touropia.com/regions-of-germany-map/,2281
https://www.touropia.com/provinces-in-sri-lanka-map/,1686
https://www.touropia.com/where-to-stay-in-lisbon-best-neighborhoods-hotels/,3509
https://www.touropia.com/small-towns-in-portugal/,1584
https://www.touropia.com/amazing-christian-monasteries/,1103
https://www.touropia.com/small-towns-in-scotland/,1701
https://www.touropia.com/best-day-trips-in-germany/,1993
https://www.touropia.com/castles-in-germany/,1200
https://www.touropia.com/how-to-spend-3-days-in-lisbon/,1741
https://www.touropia.com/best-beach-resorts-in-portugal/,1112
https://www.touropia.com/day-trips-from-porto/,2529
https://www.touropia.com/best-islands-in-portugal/,1252
https://www.touropia.com/small-towns-in-montana/,1502
https://www.touropia.com/lakes-in-scotland/,907
https://www.touropia.com/underrated-destinations-in-germany/,1280
https://www.touropia.com/best-places-to-stay-in-portugal/,1334
https://www.touropia.com/tourist-attractions-in-scotland/,1086
https://www.touropia.com/how-to-spend-2-weeks-in-germany/,1415
https://www.touropia.com/day-trips-from-munich/,3328
https://www.touropia.com/tourist-attractions-in-salzburg/,1188
https://www.touropia.com/where-to-stay-in-munich-best-neighborhoods-hotels/,3018
https://www.touropia.com/where-to-stay-in-heidelberg/?load=hotels&source=item,1058
https://www.touropia.com/where-to-stay-in-berlin-best-areas-hotels/,6202
https://www.touropia.com/best-spanish-islands/,1230
https://www.touropia.com/amazing-swimming-pools/,1433
https://www.touropia.com/best-places-to-visit-in-mexico/,2237
https://www.touropia.com/best-places-to-visit-in-usa/,6381
https://www.touropia.com/best-islands-in-the-philippines/,2952
https://www.touropia.com/most-photographed-cities-in-europe/,1739
https://www.touropia.com/best-places-to-visit-in-vietnam/,3184
https://www.touropia.com/best-places-to-visit-in-thailand/,3025
https://www.touropia.com/best-places-to-visit-in-china/,2466
https://www.touropia.com/best-beaches-in-turkey/,1774
https://www.touropia.com/best-places-to-visit-in-italy/,3951
https://www.touropia.com/best-places-to-visit-in-greece/,1923
https://www.touropia.com/best-places-to-visit-in-spain/,3670
https://www.touropia.com/beaches-in-ko-phi-phi/,1152
https://www.touropia.com/true-pyramids-of-the-world/,1251
https://www.touropia.com/best-day-trips-in-thailand/,1661
https://www.touropia.com/10-day-private-greece-tour-of-athens-mykonos-and-santorini/,1308
https://www.touropia.com/temples-in-thailand/,1212
https://www.touropia.com/where-to-stay-in-krabi/,3436
https://www.touropia.com/best-places-to-stay-in-railay-beach/,1225
https://www.touropia.com/laid-back-islands-without-cars/,1339
https://www.touropia.com/category/north-america/usa-countries/page/3/,701
https://www.touropia.com/lost-cities/,4667
https://www.touropia.com/city-squares-around-the-world/,1839
https://www.touropia.com/fairytale-castles/,1790
https://www.touropia.com/best-cities-to-visit-in-norway/,1860
https://www.touropia.com/where-to-stay-in-khao-sok-national-park/,1260
https://www.touropia.com/where-to-stay-in-kanchanaburi/,1261
https://www.touropia.com/best-beaches-in-koh-samui/,2360
https://www.touropia.com/best-places-to-stay-in-chiang-rai/,1264
https://www.touropia.com/small-towns-in-colorado/,1931
https://www.touropia.com/best-cities-to-visit-in-texas/,1164
https://www.touropia.com/small-towns-in-vermont/,1936
https://www.touropia.com/best-beaches-in-koh-phangan/,1493
https://www.touropia.com/category/north-america/usa-countries/page/5/,702
https://www.touropia.com/lofoten-islands-in-norway/,921
https://www.touropia.com/reasons-to-visit-norway/,734
https://www.touropia.com/best-places-to-visit-in-rhode-island/,1379
https://www.touropia.com/best-places-to-visit-in-kentucky/,1345
https://www.touropia.com/best-places-to-visit-in-maine/,1371
https://www.touropia.com/best-places-to-visit-in-sweden/,1619
https://www.touropia.com/best-places-to-visit-in-russia/,1428
https://www.touropia.com/national-parks-in-california/,1809
https://www.touropia.com/where-to-stay-in-the-florida-keys/,2728
https://www.touropia.com/best-places-to-visit-in-arizona/,1671
https://www.touropia.com/best-cities-to-visit-in-oregon/,1694
https://www.touropia.com/best-cities-to-visit-in-florida/,1854
https://www.touropia.com/small-towns-in-maine/,1761
https://www.touropia.com/best-islands-in-honduras/,882
https://www.touropia.com/lakes-in-sweden/,1697
https://www.touropia.com/where-to-stay-in-stockholm/,3185
https://www.touropia.com/tourist-attractions-in-sweden/,1690
https://www.touropia.com/destinations-in-eastern-russia/,1376
https://www.touropia.com/best-places-to-stay-in-moscow/,965
https://www.touropia.com/regions-in-russia-map/,1690
https://www.touropia.com/small-towns-in-russia/,1694
https://www.touropia.com/tourist-attractions-in-russia/,1391
https://www.touropia.com/best-places-to-visit-in-eastern-europe/,3087
https://www.touropia.com/world-famous-canals/,1204
https://www.touropia.com/tourist-attractions-in-split/,1645
https://www.touropia.com/best-places-to-visit-in-washington-state/,1513
https://www.touropia.com/best-places-to-visit-in-alaska/,1615
https://www.touropia.com/tourist-attractions-in-romania/,1810
https://www.touropia.com/tourist-attractions-in-bulgaria/,1749
https://www.touropia.com/regions-in-romania-map/,1749
https://www.touropia.com/day-trips-from-bucharest/,2538
https://www.touropia.com/salzkammergut-lake-district/,931
https://www.touropia.com/small-towns-in-austria/,1850
https://www.touropia.com/world-famous-statues/,1764
https://www.touropia.com/best-places-to-stay-in-zadar/,1231
https://www.touropia.com/best-museums-in-new-york-city/,1787
https://www.touropia.com/best-places-to-visit-in-minnesota/,1358
https://www.touropia.com/tourist-attractions-in-helsinki/,1328
https://www.touropia.com/best-things-to-do-in-montenegro/,2051
https://www.touropia.com/best-things-to-do-in-romania/,2018
https://www.touropia.com/best-day-trips-in-austria/,1311
https://www.touropia.com/best-cities-to-visit-in-croatia/,1612
https://www.touropia.com/famous-official-residences/,1104
https://www.touropia.com/best-cities-to-visit-in-europe/,3765
https://www.touropia.com/lakes-in-austria/,1441
https://www.touropia.com/munich-to-vienna/,1116
https://www.touropia.com/where-to-stay-in-dubrovnik-best-areas-hotels/,3476
https://www.touropia.com/best-places-to-visit-in-new-york-state/,1587
https://www.touropia.com/best-places-to-visit-in-iceland/,1370
