http://www.thegooglecache.com/,1270
http://www.thegooglecache.com/author/admin/,966
http://www.thegooglecache.com/category/rants-and-raves/,1114
http://www.thegooglecache.com/category/research/,1153
http://www.thegooglecache.com/category/white-hat-seo/,1184
http://www.thegooglecache.com/category/sem/,1101
http://www.thegooglecache.com/category/multichannel-marketing/,1188
http://www.thegooglecache.com/category/cpc/,1151
http://www.thegooglecache.com/gsc/gsc.php/silly-numberless-twig-brash,869
http://www.thegooglecache.com/category/analytics/,865
http://www.thegooglecache.com/category/advanced-white-hat-seo-techniques/,1158
http://www.thegooglecache.com/gsc/gsc.php/offbeat-plough-crayon-apparel,808
http://www.thegooglecache.com/gsc/gsc.php/luxuriant-judge-gaze-plate,876
http://www.thegooglecache.com/gsc/gsc.php/fortunate-knot-rainstorm-rings,804
http://www.thegooglecache.com/category/white-hat-seo/page/2/,1054
http://www.thegooglecache.com/white-hat-seo/in-defense-of-domain-authority/,1609
http://www.thegooglecache.com/white-hat-seo/thoughts-on-latent-dirichlet-allocation-lda-and-search/,1300
http://www.thegooglecache.com/category/web-development/,1179
http://www.thegooglecache.com/author/admin/page/2/,1043
http://www.thegooglecache.com/category/sem/page/2/,1092
http://www.thegooglecache.com/category/cpc/page/2/,1025
http://www.thegooglecache.com/rants-and-raves/five-ways-to-use-google-for-franchise-opportunity-research/,1331
http://www.thegooglecache.com/analytics/google-analytics-gets-a-new-look/,836
http://www.thegooglecache.com/white-hat-seo/why-i-am-dropping-google-analytics-in-2013-piwik-here-i-come/,1117
http://www.thegooglecache.com/rants-and-raves/once-again-it-is-about-the-links-not-the-tweets/,885
http://www.thegooglecache.com/sem/google-adwords-on-fire/,932
http://www.thegooglecache.com/category/advanced-white-hat-seo-techniques/page/2/,1141
http://www.thegooglecache.com/white-hat-seo/2015-the-year-of-broken-link-building/,1403
http://www.thegooglecache.com/advanced-white-hat-seo-techniques/low-keyword-difficulty-despite-rankbrain/,733
http://www.thegooglecache.com/rants-and-raves/new-pagerank-recovery-tool/,773
http://www.thegooglecache.com/rants-and-raves/pubcon-dallas-advanced-seo-tactic/,755
http://www.thegooglecache.com/category/sem/page/3/,1072
http://www.thegooglecache.com/cpc/google%e2%80%99s-%e2%80%9cnew%e2%80%9d-adwords-algorithm/,949
http://www.thegooglecache.com/white-hat-seo/measuring-link-index-freshness/,1048
http://www.thegooglecache.com/white-hat-seo/doing-google-adwords-homework/,1751
http://www.thegooglecache.com/white-hat-seo/why-i-am-dropping-google-analytics-in-2013-piwik-here-i-come/comment-page-1/#comments,3357
http://www.thegooglecache.com/cpc/yahoo-sponsored-relevancy-smack-down/,908
http://www.thegooglecache.com/category/advanced-white-hat-seo-techniques/page/3/,1210
http://www.thegooglecache.com/advanced-white-hat-seo-techniques/second-page-poaching-adanced-white-hat-seo-techniques/,2030
http://www.thegooglecache.com/white-hat-seo/xml-sitemap-assisted-redirects-advanced-white-hat-seo/,1254
